,Date,Station,Pressure,Height,Temp,DewPoint,Relative_Humidity,Mean_Mixed_Layer,Wind_Direction,Wind_Speed,Potential_Temp,Equivalent_Potential_Temp,Virtual_Potential_Temp
0,2022-04-01,Quillayute,700,2809.0,-10.1,-11.2,92.0,2.33,230.0,74.08,291.3,298.4,291.7
1,2022-04-01,Quillayute,850,1284.0,-2.3,-2.3,100.0,3.82,260.0,64.82000000000001,283.7,294.7,284.4
2,2022-04-01,Vernon,700,2815.0,-8.1,-10.9,80.0,2.39,205.0,77.784,293.5,300.8,293.9
3,2022-04-01,Vernon,850,1256.0,2.4,-2.6,70.0,3.73,190.0,25.928,288.6,299.6,289.3
4,2022-04-01,Port Hardy,700,2685.0,-12.3,-16.6,70.0,1.5,200.0,59.264,288.8,293.5,289.1
5,2022-04-01,Port Hardy,850,1185.0,-3.3,-6.9,76.0,2.69,235.0,79.63600000000001,282.7,290.5,283.1
6,2022-04-02,Quillayute,700,2809.0,-10.1,-11.2,92.0,2.33,230.0,74.08,291.3,298.4,291.7
7,2022-04-02,Quillayute,850,1284.0,-2.3,-2.3,100.0,3.82,260.0,64.82000000000001,283.7,294.7,284.4
8,2022-04-02,Vernon,700,2815.0,-8.1,-10.9,80.0,2.39,205.0,77.784,293.5,300.8,293.9
9,2022-04-02,Vernon,850,1256.0,2.4,-2.6,70.0,3.73,190.0,25.928,288.6,299.6,289.3
10,2022-04-02,Port Hardy,700,2685.0,-12.3,-16.6,70.0,1.5,200.0,59.264,288.8,293.5,289.1
11,2022-04-02,Port Hardy,850,1185.0,-3.3,-6.9,76.0,2.69,235.0,79.63600000000001,282.7,290.5,283.1
12,2022-04-03,Quillayute,700,2809.0,-10.1,-11.2,92.0,2.33,230.0,74.08,291.3,298.4,291.7
13,2022-04-03,Quillayute,850,1284.0,-2.3,-2.3,100.0,3.82,260.0,64.82000000000001,283.7,294.7,284.4
14,2022-04-03,Vernon,700,2815.0,-8.1,-10.9,80.0,2.39,205.0,77.784,293.5,300.8,293.9
15,2022-04-03,Vernon,850,1256.0,2.4,-2.6,70.0,3.73,190.0,25.928,288.6,299.6,289.3
16,2022-04-03,Port Hardy,700,2685.0,-12.3,-16.6,70.0,1.5,200.0,59.264,288.8,293.5,289.1
17,2022-04-03,Port Hardy,850,1185.0,-3.3,-6.9,76.0,2.69,235.0,79.63600000000001,282.7,290.5,283.1
18,2022-04-04,Quillayute,700,2809.0,-10.1,-11.2,92.0,2.33,230.0,74.08,291.3,298.4,291.7
19,2022-04-04,Quillayute,850,1284.0,-2.3,-2.3,100.0,3.82,260.0,64.82000000000001,283.7,294.7,284.4
20,2022-04-04,Vernon,700,2815.0,-8.1,-10.9,80.0,2.39,205.0,77.784,293.5,300.8,293.9
21,2022-04-04,Vernon,850,1256.0,2.4,-2.6,70.0,3.73,190.0,25.928,288.6,299.6,289.3
22,2022-04-04,Port Hardy,700,2685.0,-12.3,-16.6,70.0,1.5,200.0,59.264,288.8,293.5,289.1
23,2022-04-04,Port Hardy,850,1185.0,-3.3,-6.9,76.0,2.69,235.0,79.63600000000001,282.7,290.5,283.1
24,2022-04-05,Quillayute,700,2809.0,-10.1,-11.2,92.0,2.33,230.0,74.08,291.3,298.4,291.7
25,2022-04-05,Quillayute,850,1284.0,-2.3,-2.3,100.0,3.82,260.0,64.82000000000001,283.7,294.7,284.4
26,2022-04-05,Vernon,700,2815.0,-8.1,-10.9,80.0,2.39,205.0,77.784,293.5,300.8,293.9
27,2022-04-05,Vernon,850,1256.0,2.4,-2.6,70.0,3.73,190.0,25.928,288.6,299.6,289.3
28,2022-04-05,Port Hardy,700,2685.0,-12.3,-16.6,70.0,1.5,200.0,59.264,288.8,293.5,289.1
29,2022-04-05,Port Hardy,850,1185.0,-3.3,-6.9,76.0,2.69,235.0,79.63600000000001,282.7,290.5,283.1
30,2022-04-06,Quillayute,700,2809.0,-10.1,-11.2,92.0,2.33,230.0,74.08,291.3,298.4,291.7
31,2022-04-06,Quillayute,850,1284.0,-2.3,-2.3,100.0,3.82,260.0,64.82000000000001,283.7,294.7,284.4
32,2022-04-06,Vernon,700,2815.0,-8.1,-10.9,80.0,2.39,205.0,77.784,293.5,300.8,293.9
33,2022-04-06,Vernon,850,1256.0,2.4,-2.6,70.0,3.73,190.0,25.928,288.6,299.6,289.3
34,2022-04-06,Port Hardy,700,2685.0,-12.3,-16.6,70.0,1.5,200.0,59.264,288.8,293.5,289.1
35,2022-04-06,Port Hardy,850,1185.0,-3.3,-6.9,76.0,2.69,235.0,79.63600000000001,282.7,290.5,283.1
36,2022-04-07,Quillayute,700,2809.0,-10.1,-11.2,92.0,2.33,230.0,74.08,291.3,298.4,291.7
37,2022-04-07,Quillayute,850,1284.0,-2.3,-2.3,100.0,3.82,260.0,64.82000000000001,283.7,294.7,284.4
38,2022-04-07,Vernon,700,2815.0,-8.1,-10.9,80.0,2.39,205.0,77.784,293.5,300.8,293.9
39,2022-04-07,Vernon,850,1256.0,2.4,-2.6,70.0,3.73,190.0,25.928,288.6,299.6,289.3
40,2022-04-07,Port Hardy,700,2685.0,-12.3,-16.6,70.0,1.5,200.0,59.264,288.8,293.5,289.1
41,2022-04-07,Port Hardy,850,1185.0,-3.3,-6.9,76.0,2.69,235.0,79.63600000000001,282.7,290.5,283.1
42,2022-04-08,Quillayute,700,2809.0,-10.1,-11.2,92.0,2.33,230.0,74.08,291.3,298.4,291.7
43,2022-04-08,Quillayute,850,1284.0,-2.3,-2.3,100.0,3.82,260.0,64.82000000000001,283.7,294.7,284.4
44,2022-04-08,Vernon,700,2815.0,-8.1,-10.9,80.0,2.39,205.0,77.784,293.5,300.8,293.9
45,2022-04-08,Vernon,850,1256.0,2.4,-2.6,70.0,3.73,190.0,25.928,288.6,299.6,289.3
46,2022-04-08,Port Hardy,700,2685.0,-12.3,-16.6,70.0,1.5,200.0,59.264,288.8,293.5,289.1
47,2022-04-08,Port Hardy,850,1185.0,-3.3,-6.9,76.0,2.69,235.0,79.63600000000001,282.7,290.5,283.1
48,2022-04-09,Quillayute,700,2809.0,-10.1,-11.2,92.0,2.33,230.0,74.08,291.3,298.4,291.7
49,2022-04-09,Quillayute,850,1284.0,-2.3,-2.3,100.0,3.82,260.0,64.82000000000001,283.7,294.7,284.4
50,2022-04-09,Vernon,700,2815.0,-8.1,-10.9,80.0,2.39,205.0,77.784,293.5,300.8,293.9
51,2022-04-09,Vernon,850,1256.0,2.4,-2.6,70.0,3.73,190.0,25.928,288.6,299.6,289.3
52,2022-04-09,Port Hardy,700,2685.0,-12.3,-16.6,70.0,1.5,200.0,59.264,288.8,293.5,289.1
53,2022-04-09,Port Hardy,850,1185.0,-3.3,-6.9,76.0,2.69,235.0,79.63600000000001,282.7,290.5,283.1
54,2022-04-10,Quillayute,700,2809.0,-10.1,-11.2,92.0,2.33,230.0,74.08,291.3,298.4,291.7
55,2022-04-10,Quillayute,850,1284.0,-2.3,-2.3,100.0,3.82,260.0,64.82000000000001,283.7,294.7,284.4
56,2022-04-10,Vernon,700,2815.0,-8.1,-10.9,80.0,2.39,205.0,77.784,293.5,300.8,293.9
57,2022-04-10,Vernon,850,1256.0,2.4,-2.6,70.0,3.73,190.0,25.928,288.6,299.6,289.3
58,2022-04-10,Port Hardy,700,2685.0,-12.3,-16.6,70.0,1.5,200.0,59.264,288.8,293.5,289.1
59,2022-04-10,Port Hardy,850,1185.0,-3.3,-6.9,76.0,2.69,235.0,79.63600000000001,282.7,290.5,283.1
60,2022-04-11,Quillayute,700,2809.0,-10.1,-11.2,92.0,2.33,230.0,74.08,291.3,298.4,291.7
61,2022-04-11,Quillayute,850,1284.0,-2.3,-2.3,100.0,3.82,260.0,64.82000000000001,283.7,294.7,284.4
62,2022-04-11,Vernon,700,2815.0,-8.1,-10.9,80.0,2.39,205.0,77.784,293.5,300.8,293.9
63,2022-04-11,Vernon,850,1256.0,2.4,-2.6,70.0,3.73,190.0,25.928,288.6,299.6,289.3
64,2022-04-11,Port Hardy,700,2685.0,-12.3,-16.6,70.0,1.5,200.0,59.264,288.8,293.5,289.1
65,2022-04-11,Port Hardy,850,1185.0,-3.3,-6.9,76.0,2.69,235.0,79.63600000000001,282.7,290.5,283.1
66,2022-04-12,Quillayute,700,2809.0,-10.1,-11.2,92.0,2.33,230.0,74.08,291.3,298.4,291.7
67,2022-04-12,Quillayute,850,1284.0,-2.3,-2.3,100.0,3.82,260.0,64.82000000000001,283.7,294.7,284.4
68,2022-04-12,Vernon,700,2815.0,-8.1,-10.9,80.0,2.39,205.0,77.784,293.5,300.8,293.9
69,2022-04-12,Vernon,850,1256.0,2.4,-2.6,70.0,3.73,190.0,25.928,288.6,299.6,289.3
70,2022-04-12,Port Hardy,700,2685.0,-12.3,-16.6,70.0,1.5,200.0,59.264,288.8,293.5,289.1
71,2022-04-12,Port Hardy,850,1185.0,-3.3,-6.9,76.0,2.69,235.0,79.63600000000001,282.7,290.5,283.1
72,2022-04-13,Quillayute,700,2809.0,-10.1,-11.2,92.0,2.33,230.0,74.08,291.3,298.4,291.7
73,2022-04-13,Quillayute,850,1284.0,-2.3,-2.3,100.0,3.82,260.0,64.82000000000001,283.7,294.7,284.4
74,2022-04-13,Vernon,700,2815.0,-8.1,-10.9,80.0,2.39,205.0,77.784,293.5,300.8,293.9
75,2022-04-13,Vernon,850,1256.0,2.4,-2.6,70.0,3.73,190.0,25.928,288.6,299.6,289.3
76,2022-04-13,Port Hardy,700,2685.0,-12.3,-16.6,70.0,1.5,200.0,59.264,288.8,293.5,289.1
77,2022-04-13,Port Hardy,850,1185.0,-3.3,-6.9,76.0,2.69,235.0,79.63600000000001,282.7,290.5,283.1
78,2022-04-14,Quillayute,700,2809.0,-10.1,-11.2,92.0,2.33,230.0,74.08,291.3,298.4,291.7
79,2022-04-14,Quillayute,850,1284.0,-2.3,-2.3,100.0,3.82,260.0,64.82000000000001,283.7,294.7,284.4
80,2022-04-14,Vernon,700,2815.0,-8.1,-10.9,80.0,2.39,205.0,77.784,293.5,300.8,293.9
81,2022-04-14,Vernon,850,1256.0,2.4,-2.6,70.0,3.73,190.0,25.928,288.6,299.6,289.3
82,2022-04-14,Port Hardy,700,2685.0,-12.3,-16.6,70.0,1.5,200.0,59.264,288.8,293.5,289.1
83,2022-04-14,Port Hardy,850,1185.0,-3.3,-6.9,76.0,2.69,235.0,79.63600000000001,282.7,290.5,283.1
84,2022-04-15,Quillayute,700,2809.0,-10.1,-11.2,92.0,2.33,230.0,74.08,291.3,298.4,291.7
85,2022-04-15,Quillayute,850,1284.0,-2.3,-2.3,100.0,3.82,260.0,64.82000000000001,283.7,294.7,284.4
86,2022-04-15,Vernon,700,2815.0,-8.1,-10.9,80.0,2.39,205.0,77.784,293.5,300.8,293.9
87,2022-04-15,Vernon,850,1256.0,2.4,-2.6,70.0,3.73,190.0,25.928,288.6,299.6,289.3
88,2022-04-15,Port Hardy,700,2685.0,-12.3,-16.6,70.0,1.5,200.0,59.264,288.8,293.5,289.1
89,2022-04-15,Port Hardy,850,1185.0,-3.3,-6.9,76.0,2.69,235.0,79.63600000000001,282.7,290.5,283.1
90,2022-04-16,Quillayute,700,2809.0,-10.1,-11.2,92.0,2.33,230.0,74.08,291.3,298.4,291.7
91,2022-04-16,Quillayute,850,1284.0,-2.3,-2.3,100.0,3.82,260.0,64.82000000000001,283.7,294.7,284.4
92,2022-04-16,Vernon,700,2815.0,-8.1,-10.9,80.0,2.39,205.0,77.784,293.5,300.8,293.9
93,2022-04-16,Vernon,850,1256.0,2.4,-2.6,70.0,3.73,190.0,25.928,288.6,299.6,289.3
94,2022-04-16,Port Hardy,700,2685.0,-12.3,-16.6,70.0,1.5,200.0,59.264,288.8,293.5,289.1
95,2022-04-16,Port Hardy,850,1185.0,-3.3,-6.9,76.0,2.69,235.0,79.63600000000001,282.7,290.5,283.1
96,2022-04-17,Quillayute,700,2809.0,-10.1,-11.2,92.0,2.33,230.0,74.08,291.3,298.4,291.7
97,2022-04-17,Quillayute,850,1284.0,-2.3,-2.3,100.0,3.82,260.0,64.82000000000001,283.7,294.7,284.4
98,2022-04-17,Vernon,700,2815.0,-8.1,-10.9,80.0,2.39,205.0,77.784,293.5,300.8,293.9
99,2022-04-17,Vernon,850,1256.0,2.4,-2.6,70.0,3.73,190.0,25.928,288.6,299.6,289.3
100,2022-04-17,Port Hardy,700,2685.0,-12.3,-16.6,70.0,1.5,200.0,59.264,288.8,293.5,289.1
101,2022-04-17,Port Hardy,850,1185.0,-3.3,-6.9,76.0,2.69,235.0,79.63600000000001,282.7,290.5,283.1
102,2022-04-18,Quillayute,700,2809.0,-10.1,-11.2,92.0,2.33,230.0,74.08,291.3,298.4,291.7
103,2022-04-18,Quillayute,850,1284.0,-2.3,-2.3,100.0,3.82,260.0,64.82000000000001,283.7,294.7,284.4
104,2022-04-18,Vernon,700,2815.0,-8.1,-10.9,80.0,2.39,205.0,77.784,293.5,300.8,293.9
105,2022-04-18,Vernon,850,1256.0,2.4,-2.6,70.0,3.73,190.0,25.928,288.6,299.6,289.3
106,2022-04-18,Port Hardy,700,2685.0,-12.3,-16.6,70.0,1.5,200.0,59.264,288.8,293.5,289.1
107,2022-04-18,Port Hardy,850,1185.0,-3.3,-6.9,76.0,2.69,235.0,79.63600000000001,282.7,290.5,283.1
108,2022-04-19,Quillayute,700,2809.0,-10.1,-11.2,92.0,2.33,230.0,74.08,291.3,298.4,291.7
109,2022-04-19,Quillayute,850,1284.0,-2.3,-2.3,100.0,3.82,260.0,64.82000000000001,283.7,294.7,284.4
110,2022-04-19,Vernon,700,2815.0,-8.1,-10.9,80.0,2.39,205.0,77.784,293.5,300.8,293.9
111,2022-04-19,Vernon,850,1256.0,2.4,-2.6,70.0,3.73,190.0,25.928,288.6,299.6,289.3
112,2022-04-19,Port Hardy,700,2685.0,-12.3,-16.6,70.0,1.5,200.0,59.264,288.8,293.5,289.1
113,2022-04-19,Port Hardy,850,1185.0,-3.3,-6.9,76.0,2.69,235.0,79.63600000000001,282.7,290.5,283.1
114,2022-04-20,Quillayute,700,2809.0,-10.1,-11.2,92.0,2.33,230.0,74.08,291.3,298.4,291.7
115,2022-04-20,Quillayute,850,1284.0,-2.3,-2.3,100.0,3.82,260.0,64.82000000000001,283.7,294.7,284.4
116,2022-04-20,Vernon,700,2815.0,-8.1,-10.9,80.0,2.39,205.0,77.784,293.5,300.8,293.9
117,2022-04-20,Vernon,850,1256.0,2.4,-2.6,70.0,3.73,190.0,25.928,288.6,299.6,289.3
118,2022-04-20,Port Hardy,700,2685.0,-12.3,-16.6,70.0,1.5,200.0,59.264,288.8,293.5,289.1
119,2022-04-20,Port Hardy,850,1185.0,-3.3,-6.9,76.0,2.69,235.0,79.63600000000001,282.7,290.5,283.1
120,2022-04-21,Quillayute,700,2809.0,-10.1,-11.2,92.0,2.33,230.0,74.08,291.3,298.4,291.7
121,2022-04-21,Quillayute,850,1284.0,-2.3,-2.3,100.0,3.82,260.0,64.82000000000001,283.7,294.7,284.4
122,2022-04-21,Vernon,700,2815.0,-8.1,-10.9,80.0,2.39,205.0,77.784,293.5,300.8,293.9
123,2022-04-21,Vernon,850,1256.0,2.4,-2.6,70.0,3.73,190.0,25.928,288.6,299.6,289.3
124,2022-04-21,Port Hardy,700,2685.0,-12.3,-16.6,70.0,1.5,200.0,59.264,288.8,293.5,289.1
125,2022-04-21,Port Hardy,850,1185.0,-3.3,-6.9,76.0,2.69,235.0,79.63600000000001,282.7,290.5,283.1
126,2022-04-22,Quillayute,700,2809.0,-10.1,-11.2,92.0,2.33,230.0,74.08,291.3,298.4,291.7
127,2022-04-22,Quillayute,850,1284.0,-2.3,-2.3,100.0,3.82,260.0,64.82000000000001,283.7,294.7,284.4
128,2022-04-22,Vernon,700,2815.0,-8.1,-10.9,80.0,2.39,205.0,77.784,293.5,300.8,293.9
129,2022-04-22,Vernon,850,1256.0,2.4,-2.6,70.0,3.73,190.0,25.928,288.6,299.6,289.3
130,2022-04-22,Port Hardy,700,2685.0,-12.3,-16.6,70.0,1.5,200.0,59.264,288.8,293.5,289.1
131,2022-04-22,Port Hardy,850,1185.0,-3.3,-6.9,76.0,2.69,235.0,79.63600000000001,282.7,290.5,283.1
132,2022-04-23,Quillayute,700,2809.0,-10.1,-11.2,92.0,2.33,230.0,74.08,291.3,298.4,291.7
133,2022-04-23,Quillayute,850,1284.0,-2.3,-2.3,100.0,3.82,260.0,64.82000000000001,283.7,294.7,284.4
134,2022-04-23,Vernon,700,2815.0,-8.1,-10.9,80.0,2.39,205.0,77.784,293.5,300.8,293.9
135,2022-04-23,Vernon,850,1256.0,2.4,-2.6,70.0,3.73,190.0,25.928,288.6,299.6,289.3
136,2022-04-23,Port Hardy,700,2685.0,-12.3,-16.6,70.0,1.5,200.0,59.264,288.8,293.5,289.1
137,2022-04-23,Port Hardy,850,1185.0,-3.3,-6.9,76.0,2.69,235.0,79.63600000000001,282.7,290.5,283.1
138,2022-04-24,Quillayute,700,2809.0,-10.1,-11.2,92.0,2.33,230.0,74.08,291.3,298.4,291.7
139,2022-04-24,Quillayute,850,1284.0,-2.3,-2.3,100.0,3.82,260.0,64.82000000000001,283.7,294.7,284.4
140,2022-04-24,Vernon,700,,,,,,,,,,
141,2022-04-24,Vernon,850,,,,,,,,,,
142,2022-04-24,Port Hardy,700,,,,,,,,,,
143,2022-04-24,Port Hardy,850,,,,,,,,,,
144,2022-04-25,Quillayute,700,,,,,,,,,,
145,2022-04-25,Quillayute,850,,,,,,,,,,
146,2022-04-25,Vernon,700,,,,,,,,,,
147,2022-04-25,Vernon,850,,,,,,,,,,
148,2022-04-25,Port Hardy,700,,,,,,,,,,
149,2022-04-25,Port Hardy,850,,,,,,,,,,
150,2022-04-26,Quillayute,700,2809.0,-10.1,-11.2,92.0,2.33,230.0,74.08,291.3,298.4,291.7
151,2022-04-26,Quillayute,850,1284.0,-2.3,-2.3,100.0,3.82,260.0,64.82000000000001,283.7,294.7,284.4
152,2022-04-26,Vernon,700,2815.0,-8.1,-10.9,80.0,2.39,205.0,77.784,293.5,300.8,293.9
153,2022-04-26,Vernon,850,1256.0,2.4,-2.6,70.0,3.73,190.0,25.928,288.6,299.6,289.3
154,2022-04-26,Port Hardy,700,2685.0,-12.3,-16.6,70.0,1.5,200.0,59.264,288.8,293.5,289.1
155,2022-04-26,Port Hardy,850,1185.0,-3.3,-6.9,76.0,2.69,235.0,79.63600000000001,282.7,290.5,283.1
156,2022-04-27,Quillayute,700,2809.0,-10.1,-11.2,92.0,2.33,230.0,74.08,291.3,298.4,291.7
157,2022-04-27,Quillayute,850,1284.0,-2.3,-2.3,100.0,3.82,260.0,64.82000000000001,283.7,294.7,284.4
158,2022-04-27,Vernon,700,2815.0,-8.1,-10.9,80.0,2.39,205.0,77.784,293.5,300.8,293.9
159,2022-04-27,Vernon,850,1256.0,2.4,-2.6,70.0,3.73,190.0,25.928,288.6,299.6,289.3
160,2022-04-27,Port Hardy,700,2685.0,-12.3,-16.6,70.0,1.5,200.0,59.264,288.8,293.5,289.1
161,2022-04-27,Port Hardy,850,1185.0,-3.3,-6.9,76.0,2.69,235.0,79.63600000000001,282.7,290.5,283.1
162,2022-04-28,Quillayute,700,2809.0,-10.1,-11.2,92.0,2.33,230.0,74.08,291.3,298.4,291.7
163,2022-04-28,Quillayute,850,1284.0,-2.3,-2.3,100.0,3.82,260.0,64.82000000000001,283.7,294.7,284.4
164,2022-04-28,Vernon,700,2815.0,-8.1,-10.9,80.0,2.39,205.0,77.784,293.5,300.8,293.9
165,2022-04-28,Vernon,850,1256.0,2.4,-2.6,70.0,3.73,190.0,25.928,288.6,299.6,289.3
166,2022-04-28,Port Hardy,700,2685.0,-12.3,-16.6,70.0,1.5,200.0,59.264,288.8,293.5,289.1
167,2022-04-28,Port Hardy,850,1185.0,-3.3,-6.9,76.0,2.69,235.0,79.63600000000001,282.7,290.5,283.1
168,2022-04-29,Quillayute,700,2809.0,-10.1,-11.2,92.0,2.33,230.0,74.08,291.3,298.4,291.7
169,2022-04-29,Quillayute,850,1284.0,-2.3,-2.3,100.0,3.82,260.0,64.82000000000001,283.7,294.7,284.4
170,2022-04-29,Vernon,700,2815.0,-8.1,-10.9,80.0,2.39,205.0,77.784,293.5,300.8,293.9
171,2022-04-29,Vernon,850,1256.0,2.4,-2.6,70.0,3.73,190.0,25.928,288.6,299.6,289.3
172,2022-04-29,Port Hardy,700,2685.0,-12.3,-16.6,70.0,1.5,200.0,59.264,288.8,293.5,289.1
173,2022-04-29,Port Hardy,850,1185.0,-3.3,-6.9,76.0,2.69,235.0,79.63600000000001,282.7,290.5,283.1
174,2022-04-30,Quillayute,700,2809.0,-10.1,-11.2,92.0,2.33,230.0,74.08,291.3,298.4,291.7
175,2022-04-30,Quillayute,850,1284.0,-2.3,-2.3,100.0,3.82,260.0,64.82000000000001,283.7,294.7,284.4
176,2022-04-30,Vernon,700,2815.0,-8.1,-10.9,80.0,2.39,205.0,77.784,293.5,300.8,293.9
177,2022-04-30,Vernon,850,1256.0,2.4,-2.6,70.0,3.73,190.0,25.928,288.6,299.6,289.3
178,2022-04-30,Port Hardy,700,2685.0,-12.3,-16.6,70.0,1.5,200.0,59.264,288.8,293.5,289.1
179,2022-04-30,Port Hardy,850,1185.0,-3.3,-6.9,76.0,2.69,235.0,79.63600000000001,282.7,290.5,283.1
180,2022-05-01,Quillayute,700,2939.0,-4.9,-5.8,93.0,3.56,225.0,29.632,297.0,307.9,297.7
181,2022-05-01,Quillayute,850,1392.0,2.0,1.2,94.0,4.93,195.0,40.744,288.2,302.5,289.1
182,2022-05-01,Vernon,700,2977.0,-3.3,-5.9,82.0,3.53,200.0,61.116,298.8,309.7,299.4
183,2022-05-01,Vernon,850,1400.0,7.4,2.4,71.0,5.38,210.0,14.816,293.9,309.8,294.8
184,2022-05-01,Port Hardy,700,2899.0,-9.9,-12.7,80.0,2.07,190.0,18.52,291.5,297.9,291.9
185,2022-05-01,Port Hardy,850,1373.0,-2.3,-4.4,86.0,3.26,155.0,11.112,283.7,293.2,284.3
186,2022-05-02,Quillayute,700,2939.0,-4.9,-5.8,93.0,3.56,225.0,29.632,297.0,307.9,297.7
187,2022-05-02,Quillayute,850,1392.0,2.0,1.2,94.0,4.93,195.0,40.744,288.2,302.5,289.1
188,2022-05-02,Vernon,700,2977.0,-3.3,-5.9,82.0,3.53,200.0,61.116,298.8,309.7,299.4
189,2022-05-02,Vernon,850,1400.0,7.4,2.4,71.0,5.38,210.0,14.816,293.9,309.8,294.8
190,2022-05-02,Port Hardy,700,2899.0,-9.9,-12.7,80.0,2.07,190.0,18.52,291.5,297.9,291.9
191,2022-05-02,Port Hardy,850,1373.0,-2.3,-4.4,86.0,3.26,155.0,11.112,283.7,293.2,284.3
192,2022-05-03,Quillayute,700,2939.0,-4.9,-5.8,93.0,3.56,225.0,29.632,297.0,307.9,297.7
193,2022-05-03,Quillayute,850,1392.0,2.0,1.2,94.0,4.93,195.0,40.744,288.2,302.5,289.1
194,2022-05-03,Vernon,700,2977.0,-3.3,-5.9,82.0,3.53,200.0,61.116,298.8,309.7,299.4
195,2022-05-03,Vernon,850,1400.0,7.4,2.4,71.0,5.38,210.0,14.816,293.9,309.8,294.8
196,2022-05-03,Port Hardy,700,2899.0,-9.9,-12.7,80.0,2.07,190.0,18.52,291.5,297.9,291.9
197,2022-05-03,Port Hardy,850,1373.0,-2.3,-4.4,86.0,3.26,155.0,11.112,283.7,293.2,284.3
198,2022-05-04,Quillayute,700,2939.0,-4.9,-5.8,93.0,3.56,225.0,29.632,297.0,307.9,297.7
199,2022-05-04,Quillayute,850,1392.0,2.0,1.2,94.0,4.93,195.0,40.744,288.2,302.5,289.1
200,2022-05-04,Vernon,700,2977.0,-3.3,-5.9,82.0,3.53,200.0,61.116,298.8,309.7,299.4
201,2022-05-04,Vernon,850,1400.0,7.4,2.4,71.0,5.38,210.0,14.816,293.9,309.8,294.8
202,2022-05-04,Port Hardy,700,2899.0,-9.9,-12.7,80.0,2.07,190.0,18.52,291.5,297.9,291.9
203,2022-05-04,Port Hardy,850,1373.0,-2.3,-4.4,86.0,3.26,155.0,11.112,283.7,293.2,284.3
204,2022-05-05,Quillayute,700,2939.0,-4.9,-5.8,93.0,3.56,225.0,29.632,297.0,307.9,297.7
205,2022-05-05,Quillayute,850,1392.0,2.0,1.2,94.0,4.93,195.0,40.744,288.2,302.5,289.1
206,2022-05-05,Vernon,700,2977.0,-3.3,-5.9,82.0,3.53,200.0,61.116,298.8,309.7,299.4
207,2022-05-05,Vernon,850,1400.0,7.4,2.4,71.0,5.38,210.0,14.816,293.9,309.8,294.8
208,2022-05-05,Port Hardy,700,,,,,,,,,,
209,2022-05-05,Port Hardy,850,,,,,,,,,,
210,2022-05-06,Quillayute,700,2939.0,-4.9,-5.8,93.0,3.56,225.0,29.632,297.0,307.9,297.7
211,2022-05-06,Quillayute,850,1392.0,2.0,1.2,94.0,4.93,195.0,40.744,288.2,302.5,289.1
212,2022-05-06,Vernon,700,2977.0,-3.3,-5.9,82.0,3.53,200.0,61.116,298.8,309.7,299.4
213,2022-05-06,Vernon,850,1400.0,7.4,2.4,71.0,5.38,210.0,14.816,293.9,309.8,294.8
214,2022-05-06,Port Hardy,700,2899.0,-9.9,-12.7,80.0,2.07,190.0,18.52,291.5,297.9,291.9
215,2022-05-06,Port Hardy,850,1373.0,-2.3,-4.4,86.0,3.26,155.0,11.112,283.7,293.2,284.3
216,2022-05-07,Quillayute,700,2939.0,-4.9,-5.8,93.0,3.56,225.0,29.632,297.0,307.9,297.7
217,2022-05-07,Quillayute,850,1392.0,2.0,1.2,94.0,4.93,195.0,40.744,288.2,302.5,289.1
218,2022-05-07,Vernon,700,2977.0,-3.3,-5.9,82.0,3.53,200.0,61.116,298.8,309.7,299.4
219,2022-05-07,Vernon,850,1400.0,7.4,2.4,71.0,5.38,210.0,14.816,293.9,309.8,294.8
220,2022-05-07,Port Hardy,700,2899.0,-9.9,-12.7,80.0,2.07,190.0,18.52,291.5,297.9,291.9
221,2022-05-07,Port Hardy,850,1373.0,-2.3,-4.4,86.0,3.26,155.0,11.112,283.7,293.2,284.3
222,2022-05-08,Quillayute,700,2939.0,-4.9,-5.8,93.0,3.56,225.0,29.632,297.0,307.9,297.7
223,2022-05-08,Quillayute,850,1392.0,2.0,1.2,94.0,4.93,195.0,40.744,288.2,302.5,289.1
224,2022-05-08,Vernon,700,2977.0,-3.3,-5.9,82.0,3.53,200.0,61.116,298.8,309.7,299.4
225,2022-05-08,Vernon,850,1400.0,7.4,2.4,71.0,5.38,210.0,14.816,293.9,309.8,294.8
226,2022-05-08,Port Hardy,700,2899.0,-9.9,-12.7,80.0,2.07,190.0,18.52,291.5,297.9,291.9
227,2022-05-08,Port Hardy,850,1373.0,-2.3,-4.4,86.0,3.26,155.0,11.112,283.7,293.2,284.3
228,2022-05-09,Quillayute,700,2939.0,-4.9,-5.8,93.0,3.56,225.0,29.632,297.0,307.9,297.7
229,2022-05-09,Quillayute,850,1392.0,2.0,1.2,94.0,4.93,195.0,40.744,288.2,302.5,289.1
230,2022-05-09,Vernon,700,2977.0,-3.3,-5.9,82.0,3.53,200.0,61.116,298.8,309.7,299.4
231,2022-05-09,Vernon,850,1400.0,7.4,2.4,71.0,5.38,210.0,14.816,293.9,309.8,294.8
232,2022-05-09,Port Hardy,700,2899.0,-9.9,-12.7,80.0,2.07,190.0,18.52,291.5,297.9,291.9
233,2022-05-09,Port Hardy,850,1373.0,-2.3,-4.4,86.0,3.26,155.0,11.112,283.7,293.2,284.3
234,2022-05-10,Quillayute,700,2939.0,-4.9,-5.8,93.0,3.56,225.0,29.632,297.0,307.9,297.7
235,2022-05-10,Quillayute,850,1392.0,2.0,1.2,94.0,4.93,195.0,40.744,288.2,302.5,289.1
236,2022-05-10,Vernon,700,2977.0,-3.3,-5.9,82.0,3.53,200.0,61.116,298.8,309.7,299.4
237,2022-05-10,Vernon,850,1400.0,7.4,2.4,71.0,5.38,210.0,14.816,293.9,309.8,294.8
238,2022-05-10,Port Hardy,700,2899.0,-9.9,-12.7,80.0,2.07,190.0,18.52,291.5,297.9,291.9
239,2022-05-10,Port Hardy,850,1373.0,-2.3,-4.4,86.0,3.26,155.0,11.112,283.7,293.2,284.3
240,2022-05-11,Quillayute,700,2939.0,-4.9,-5.8,93.0,3.56,225.0,29.632,297.0,307.9,297.7
241,2022-05-11,Quillayute,850,1392.0,2.0,1.2,94.0,4.93,195.0,40.744,288.2,302.5,289.1
242,2022-05-11,Vernon,700,2977.0,-3.3,-5.9,82.0,3.53,200.0,61.116,298.8,309.7,299.4
243,2022-05-11,Vernon,850,1400.0,7.4,2.4,71.0,5.38,210.0,14.816,293.9,309.8,294.8
244,2022-05-11,Port Hardy,700,2899.0,-9.9,-12.7,80.0,2.07,190.0,18.52,291.5,297.9,291.9
245,2022-05-11,Port Hardy,850,1373.0,-2.3,-4.4,86.0,3.26,155.0,11.112,283.7,293.2,284.3
246,2022-05-12,Quillayute,700,2939.0,-4.9,-5.8,93.0,3.56,225.0,29.632,297.0,307.9,297.7
247,2022-05-12,Quillayute,850,1392.0,2.0,1.2,94.0,4.93,195.0,40.744,288.2,302.5,289.1
248,2022-05-12,Vernon,700,2977.0,-3.3,-5.9,82.0,3.53,200.0,61.116,298.8,309.7,299.4
249,2022-05-12,Vernon,850,1400.0,7.4,2.4,71.0,5.38,210.0,14.816,293.9,309.8,294.8
250,2022-05-12,Port Hardy,700,2899.0,-9.9,-12.7,80.0,2.07,190.0,18.52,291.5,297.9,291.9
251,2022-05-12,Port Hardy,850,1373.0,-2.3,-4.4,86.0,3.26,155.0,11.112,283.7,293.2,284.3
252,2022-05-13,Quillayute,700,2939.0,-4.9,-5.8,93.0,3.56,225.0,29.632,297.0,307.9,297.7
253,2022-05-13,Quillayute,850,1392.0,2.0,1.2,94.0,4.93,195.0,40.744,288.2,302.5,289.1
254,2022-05-13,Vernon,700,2977.0,-3.3,-5.9,82.0,3.53,200.0,61.116,298.8,309.7,299.4
255,2022-05-13,Vernon,850,1400.0,7.4,2.4,71.0,5.38,210.0,14.816,293.9,309.8,294.8
256,2022-05-13,Port Hardy,700,2899.0,-9.9,-12.7,80.0,2.07,190.0,18.52,291.5,297.9,291.9
257,2022-05-13,Port Hardy,850,1373.0,-2.3,-4.4,86.0,3.26,155.0,11.112,283.7,293.2,284.3
258,2022-05-14,Quillayute,700,2939.0,-4.9,-5.8,93.0,3.56,225.0,29.632,297.0,307.9,297.7
259,2022-05-14,Quillayute,850,1392.0,2.0,1.2,94.0,4.93,195.0,40.744,288.2,302.5,289.1
260,2022-05-14,Vernon,700,2977.0,-3.3,-5.9,82.0,3.53,200.0,61.116,298.8,309.7,299.4
261,2022-05-14,Vernon,850,1400.0,7.4,2.4,71.0,5.38,210.0,14.816,293.9,309.8,294.8
262,2022-05-14,Port Hardy,700,2899.0,-9.9,-12.7,80.0,2.07,190.0,18.52,291.5,297.9,291.9
263,2022-05-14,Port Hardy,850,1373.0,-2.3,-4.4,86.0,3.26,155.0,11.112,283.7,293.2,284.3
264,2022-05-15,Quillayute,700,2939.0,-4.9,-5.8,93.0,3.56,225.0,29.632,297.0,307.9,297.7
265,2022-05-15,Quillayute,850,1392.0,2.0,1.2,94.0,4.93,195.0,40.744,288.2,302.5,289.1
266,2022-05-15,Vernon,700,2977.0,-3.3,-5.9,82.0,3.53,200.0,61.116,298.8,309.7,299.4
267,2022-05-15,Vernon,850,1400.0,7.4,2.4,71.0,5.38,210.0,14.816,293.9,309.8,294.8
268,2022-05-15,Port Hardy,700,2899.0,-9.9,-12.7,80.0,2.07,190.0,18.52,291.5,297.9,291.9
269,2022-05-15,Port Hardy,850,1373.0,-2.3,-4.4,86.0,3.26,155.0,11.112,283.7,293.2,284.3
270,2022-05-16,Quillayute,700,2939.0,-4.9,-5.8,93.0,3.56,225.0,29.632,297.0,307.9,297.7
271,2022-05-16,Quillayute,850,1392.0,2.0,1.2,94.0,4.93,195.0,40.744,288.2,302.5,289.1
272,2022-05-16,Vernon,700,2977.0,-3.3,-5.9,82.0,3.53,200.0,61.116,298.8,309.7,299.4
273,2022-05-16,Vernon,850,1400.0,7.4,2.4,71.0,5.38,210.0,14.816,293.9,309.8,294.8
274,2022-05-16,Port Hardy,700,2899.0,-9.9,-12.7,80.0,2.07,190.0,18.52,291.5,297.9,291.9
275,2022-05-16,Port Hardy,850,1373.0,-2.3,-4.4,86.0,3.26,155.0,11.112,283.7,293.2,284.3
276,2022-05-17,Quillayute,700,2939.0,-4.9,-5.8,93.0,3.56,225.0,29.632,297.0,307.9,297.7
277,2022-05-17,Quillayute,850,1392.0,2.0,1.2,94.0,4.93,195.0,40.744,288.2,302.5,289.1
278,2022-05-17,Vernon,700,2977.0,-3.3,-5.9,82.0,3.53,200.0,61.116,298.8,309.7,299.4
279,2022-05-17,Vernon,850,1400.0,7.4,2.4,71.0,5.38,210.0,14.816,293.9,309.8,294.8
280,2022-05-17,Port Hardy,700,2899.0,-9.9,-12.7,80.0,2.07,190.0,18.52,291.5,297.9,291.9
281,2022-05-17,Port Hardy,850,1373.0,-2.3,-4.4,86.0,3.26,155.0,11.112,283.7,293.2,284.3
282,2022-05-18,Quillayute,700,2939.0,-4.9,-5.8,93.0,3.56,225.0,29.632,297.0,307.9,297.7
283,2022-05-18,Quillayute,850,1392.0,2.0,1.2,94.0,4.93,195.0,40.744,288.2,302.5,289.1
284,2022-05-18,Vernon,700,2977.0,-3.3,-5.9,82.0,3.53,200.0,61.116,298.8,309.7,299.4
285,2022-05-18,Vernon,850,1400.0,7.4,2.4,71.0,5.38,210.0,14.816,293.9,309.8,294.8
286,2022-05-18,Port Hardy,700,2899.0,-9.9,-12.7,80.0,2.07,190.0,18.52,291.5,297.9,291.9
287,2022-05-18,Port Hardy,850,1373.0,-2.3,-4.4,86.0,3.26,155.0,11.112,283.7,293.2,284.3
288,2022-05-19,Quillayute,700,2939.0,-4.9,-5.8,93.0,3.56,225.0,29.632,297.0,307.9,297.7
289,2022-05-19,Quillayute,850,1392.0,2.0,1.2,94.0,4.93,195.0,40.744,288.2,302.5,289.1
290,2022-05-19,Vernon,700,2977.0,-3.3,-5.9,82.0,3.53,200.0,61.116,298.8,309.7,299.4
291,2022-05-19,Vernon,850,1400.0,7.4,2.4,71.0,5.38,210.0,14.816,293.9,309.8,294.8
292,2022-05-19,Port Hardy,700,2899.0,-9.9,-12.7,80.0,2.07,190.0,18.52,291.5,297.9,291.9
293,2022-05-19,Port Hardy,850,1373.0,-2.3,-4.4,86.0,3.26,155.0,11.112,283.7,293.2,284.3
294,2022-05-20,Quillayute,700,2939.0,-4.9,-5.8,93.0,3.56,225.0,29.632,297.0,307.9,297.7
295,2022-05-20,Quillayute,850,1392.0,2.0,1.2,94.0,4.93,195.0,40.744,288.2,302.5,289.1
296,2022-05-20,Vernon,700,2977.0,-3.3,-5.9,82.0,3.53,200.0,61.116,298.8,309.7,299.4
297,2022-05-20,Vernon,850,1400.0,7.4,2.4,71.0,5.38,210.0,14.816,293.9,309.8,294.8
298,2022-05-20,Port Hardy,700,2899.0,-9.9,-12.7,80.0,2.07,190.0,18.52,291.5,297.9,291.9
299,2022-05-20,Port Hardy,850,1373.0,-2.3,-4.4,86.0,3.26,155.0,11.112,283.7,293.2,284.3
300,2022-05-21,Quillayute,700,2939.0,-4.9,-5.8,93.0,3.56,225.0,29.632,297.0,307.9,297.7
301,2022-05-21,Quillayute,850,1392.0,2.0,1.2,94.0,4.93,195.0,40.744,288.2,302.5,289.1
302,2022-05-21,Vernon,700,2977.0,-3.3,-5.9,82.0,3.53,200.0,61.116,298.8,309.7,299.4
303,2022-05-21,Vernon,850,1400.0,7.4,2.4,71.0,5.38,210.0,14.816,293.9,309.8,294.8
304,2022-05-21,Port Hardy,700,2899.0,-9.9,-12.7,80.0,2.07,190.0,18.52,291.5,297.9,291.9
305,2022-05-21,Port Hardy,850,1373.0,-2.3,-4.4,86.0,3.26,155.0,11.112,283.7,293.2,284.3
306,2022-05-22,Quillayute,700,2939.0,-4.9,-5.8,93.0,3.56,225.0,29.632,297.0,307.9,297.7
307,2022-05-22,Quillayute,850,1392.0,2.0,1.2,94.0,4.93,195.0,40.744,288.2,302.5,289.1
308,2022-05-22,Vernon,700,2977.0,-3.3,-5.9,82.0,3.53,200.0,61.116,298.8,309.7,299.4
309,2022-05-22,Vernon,850,1400.0,7.4,2.4,71.0,5.38,210.0,14.816,293.9,309.8,294.8
310,2022-05-22,Port Hardy,700,2899.0,-9.9,-12.7,80.0,2.07,190.0,18.52,291.5,297.9,291.9
311,2022-05-22,Port Hardy,850,1373.0,-2.3,-4.4,86.0,3.26,155.0,11.112,283.7,293.2,284.3
312,2022-05-23,Quillayute,700,2939.0,-4.9,-5.8,93.0,3.56,225.0,29.632,297.0,307.9,297.7
313,2022-05-23,Quillayute,850,1392.0,2.0,1.2,94.0,4.93,195.0,40.744,288.2,302.5,289.1
314,2022-05-23,Vernon,700,2977.0,-3.3,-5.9,82.0,3.53,200.0,61.116,298.8,309.7,299.4
315,2022-05-23,Vernon,850,1400.0,7.4,2.4,71.0,5.38,210.0,14.816,293.9,309.8,294.8
316,2022-05-23,Port Hardy,700,2899.0,-9.9,-12.7,80.0,2.07,190.0,18.52,291.5,297.9,291.9
317,2022-05-23,Port Hardy,850,1373.0,-2.3,-4.4,86.0,3.26,155.0,11.112,283.7,293.2,284.3
318,2022-05-24,Quillayute,700,2939.0,-4.9,-5.8,93.0,3.56,225.0,29.632,297.0,307.9,297.7
319,2022-05-24,Quillayute,850,1392.0,2.0,1.2,94.0,4.93,195.0,40.744,288.2,302.5,289.1
320,2022-05-24,Vernon,700,2977.0,-3.3,-5.9,82.0,3.53,200.0,61.116,298.8,309.7,299.4
321,2022-05-24,Vernon,850,1400.0,7.4,2.4,71.0,5.38,210.0,14.816,293.9,309.8,294.8
322,2022-05-24,Port Hardy,700,2899.0,-9.9,-12.7,80.0,2.07,190.0,18.52,291.5,297.9,291.9
323,2022-05-24,Port Hardy,850,1373.0,-2.3,-4.4,86.0,3.26,155.0,11.112,283.7,293.2,284.3
324,2022-05-25,Quillayute,700,2939.0,-4.9,-5.8,93.0,3.56,225.0,29.632,297.0,307.9,297.7
325,2022-05-25,Quillayute,850,1392.0,2.0,1.2,94.0,4.93,195.0,40.744,288.2,302.5,289.1
326,2022-05-25,Vernon,700,2977.0,-3.3,-5.9,82.0,3.53,200.0,61.116,298.8,309.7,299.4
327,2022-05-25,Vernon,850,1400.0,7.4,2.4,71.0,5.38,210.0,14.816,293.9,309.8,294.8
328,2022-05-25,Port Hardy,700,2899.0,-9.9,-12.7,80.0,2.07,190.0,18.52,291.5,297.9,291.9
329,2022-05-25,Port Hardy,850,1373.0,-2.3,-4.4,86.0,3.26,155.0,11.112,283.7,293.2,284.3
330,2022-05-26,Quillayute,700,2939.0,-4.9,-5.8,93.0,3.56,225.0,29.632,297.0,307.9,297.7
331,2022-05-26,Quillayute,850,1392.0,2.0,1.2,94.0,4.93,195.0,40.744,288.2,302.5,289.1
332,2022-05-26,Vernon,700,2977.0,-3.3,-5.9,82.0,3.53,200.0,61.116,298.8,309.7,299.4
333,2022-05-26,Vernon,850,1400.0,7.4,2.4,71.0,5.38,210.0,14.816,293.9,309.8,294.8
334,2022-05-26,Port Hardy,700,2899.0,-9.9,-12.7,80.0,2.07,190.0,18.52,291.5,297.9,291.9
335,2022-05-26,Port Hardy,850,1373.0,-2.3,-4.4,86.0,3.26,155.0,11.112,283.7,293.2,284.3
336,2022-05-27,Quillayute,700,2939.0,-4.9,-5.8,93.0,3.56,225.0,29.632,297.0,307.9,297.7
337,2022-05-27,Quillayute,850,1392.0,2.0,1.2,94.0,4.93,195.0,40.744,288.2,302.5,289.1
338,2022-05-27,Vernon,700,2977.0,-3.3,-5.9,82.0,3.53,200.0,61.116,298.8,309.7,299.4
339,2022-05-27,Vernon,850,1400.0,7.4,2.4,71.0,5.38,210.0,14.816,293.9,309.8,294.8
340,2022-05-27,Port Hardy,700,2899.0,-9.9,-12.7,80.0,2.07,190.0,18.52,291.5,297.9,291.9
341,2022-05-27,Port Hardy,850,1373.0,-2.3,-4.4,86.0,3.26,155.0,11.112,283.7,293.2,284.3
342,2022-05-28,Quillayute,700,2939.0,-4.9,-5.8,93.0,3.56,225.0,29.632,297.0,307.9,297.7
343,2022-05-28,Quillayute,850,1392.0,2.0,1.2,94.0,4.93,195.0,40.744,288.2,302.5,289.1
344,2022-05-28,Vernon,700,2977.0,-3.3,-5.9,82.0,3.53,200.0,61.116,298.8,309.7,299.4
345,2022-05-28,Vernon,850,1400.0,7.4,2.4,71.0,5.38,210.0,14.816,293.9,309.8,294.8
346,2022-05-28,Port Hardy,700,2899.0,-9.9,-12.7,80.0,2.07,190.0,18.52,291.5,297.9,291.9
347,2022-05-28,Port Hardy,850,1373.0,-2.3,-4.4,86.0,3.26,155.0,11.112,283.7,293.2,284.3
348,2022-05-29,Quillayute,700,2939.0,-4.9,-5.8,93.0,3.56,225.0,29.632,297.0,307.9,297.7
349,2022-05-29,Quillayute,850,1392.0,2.0,1.2,94.0,4.93,195.0,40.744,288.2,302.5,289.1
350,2022-05-29,Vernon,700,2977.0,-3.3,-5.9,82.0,3.53,200.0,61.116,298.8,309.7,299.4
351,2022-05-29,Vernon,850,1400.0,7.4,2.4,71.0,5.38,210.0,14.816,293.9,309.8,294.8
352,2022-05-29,Port Hardy,700,2899.0,-9.9,-12.7,80.0,2.07,190.0,18.52,291.5,297.9,291.9
353,2022-05-29,Port Hardy,850,1373.0,-2.3,-4.4,86.0,3.26,155.0,11.112,283.7,293.2,284.3
354,2022-05-30,Quillayute,700,2939.0,-4.9,-5.8,93.0,3.56,225.0,29.632,297.0,307.9,297.7
355,2022-05-30,Quillayute,850,1392.0,2.0,1.2,94.0,4.93,195.0,40.744,288.2,302.5,289.1
356,2022-05-30,Vernon,700,,,,,,,,,,
357,2022-05-30,Vernon,850,,,,,,,,,,
358,2022-05-30,Port Hardy,700,,,,,,,,,,
359,2022-05-30,Port Hardy,850,,,,,,,,,,
360,2022-05-31,Quillayute,700,,,,,,,,,,
361,2022-05-31,Quillayute,850,,,,,,,,,,
362,2022-05-31,Vernon,700,,,,,,,,,,
363,2022-05-31,Vernon,850,,,,,,,,,,
364,2022-05-31,Port Hardy,700,,,,,,,,,,
365,2022-05-31,Port Hardy,850,,,,,,,,,,
366,2022-06-01,Quillayute,700,3021.0,-4.7,-10.7,63.0,2.43,260.0,31.484,297.2,304.8,297.7
367,2022-06-01,Quillayute,850,1477.0,1.4,-0.6,87.0,4.33,230.0,22.224,287.6,300.2,288.4
368,2022-06-01,Vernon,700,3017.0,-4.7,-6.9,85.0,3.27,230.0,22.224,297.2,307.3,297.8
369,2022-06-01,Vernon,850,1448.0,6.4,0.4,65.0,4.66,220.0,22.224,292.8,306.6,293.7
370,2022-06-01,Port Hardy,700,2997.0,-6.7,-8.8,85.0,2.82,200.0,42.596000000000004,295.0,303.7,295.5
371,2022-06-01,Port Hardy,850,1446.0,1.6,-0.8,84.0,4.26,175.0,38.892,287.8,300.2,288.6
372,2022-06-02,Quillayute,700,3021.0,-4.7,-10.7,63.0,2.43,260.0,31.484,297.2,304.8,297.7
373,2022-06-02,Quillayute,850,1477.0,1.4,-0.6,87.0,4.33,230.0,22.224,287.6,300.2,288.4
374,2022-06-02,Vernon,700,3017.0,-4.7,-6.9,85.0,3.27,230.0,22.224,297.2,307.3,297.8
375,2022-06-02,Vernon,850,1448.0,6.4,0.4,65.0,4.66,220.0,22.224,292.8,306.6,293.7
376,2022-06-02,Port Hardy,700,2997.0,-6.7,-8.8,85.0,2.82,200.0,42.596000000000004,295.0,303.7,295.5
377,2022-06-02,Port Hardy,850,1446.0,1.6,-0.8,84.0,4.26,175.0,38.892,287.8,300.2,288.6
378,2022-06-03,Quillayute,700,3021.0,-4.7,-10.7,63.0,2.43,260.0,31.484,297.2,304.8,297.7
379,2022-06-03,Quillayute,850,1477.0,1.4,-0.6,87.0,4.33,230.0,22.224,287.6,300.2,288.4
380,2022-06-03,Vernon,700,3017.0,-4.7,-6.9,85.0,3.27,230.0,22.224,297.2,307.3,297.8
381,2022-06-03,Vernon,850,1448.0,6.4,0.4,65.0,4.66,220.0,22.224,292.8,306.6,293.7
382,2022-06-03,Port Hardy,700,2997.0,-6.7,-8.8,85.0,2.82,200.0,42.596000000000004,295.0,303.7,295.5
383,2022-06-03,Port Hardy,850,1446.0,1.6,-0.8,84.0,4.26,175.0,38.892,287.8,300.2,288.6
384,2022-06-04,Quillayute,700,3021.0,-4.7,-10.7,63.0,2.43,260.0,31.484,297.2,304.8,297.7
385,2022-06-04,Quillayute,850,1477.0,1.4,-0.6,87.0,4.33,230.0,22.224,287.6,300.2,288.4
386,2022-06-04,Vernon,700,3017.0,-4.7,-6.9,85.0,3.27,230.0,22.224,297.2,307.3,297.8
387,2022-06-04,Vernon,850,1448.0,6.4,0.4,65.0,4.66,220.0,22.224,292.8,306.6,293.7
388,2022-06-04,Port Hardy,700,2997.0,-6.7,-8.8,85.0,2.82,200.0,42.596000000000004,295.0,303.7,295.5
389,2022-06-04,Port Hardy,850,1446.0,1.6,-0.8,84.0,4.26,175.0,38.892,287.8,300.2,288.6
390,2022-06-05,Quillayute,700,3021.0,-4.7,-10.7,63.0,2.43,260.0,31.484,297.2,304.8,297.7
391,2022-06-05,Quillayute,850,1477.0,1.4,-0.6,87.0,4.33,230.0,22.224,287.6,300.2,288.4
392,2022-06-05,Vernon,700,3017.0,-4.7,-6.9,85.0,3.27,230.0,22.224,297.2,307.3,297.8
393,2022-06-05,Vernon,850,1448.0,6.4,0.4,65.0,4.66,220.0,22.224,292.8,306.6,293.7
394,2022-06-05,Port Hardy,700,2997.0,-6.7,-8.8,85.0,2.82,200.0,42.596000000000004,295.0,303.7,295.5
395,2022-06-05,Port Hardy,850,1446.0,1.6,-0.8,84.0,4.26,175.0,38.892,287.8,300.2,288.6
396,2022-06-06,Quillayute,700,3021.0,-4.7,-10.7,63.0,2.43,260.0,31.484,297.2,304.8,297.7
397,2022-06-06,Quillayute,850,1477.0,1.4,-0.6,87.0,4.33,230.0,22.224,287.6,300.2,288.4
398,2022-06-06,Vernon,700,3017.0,-4.7,-6.9,85.0,3.27,230.0,22.224,297.2,307.3,297.8
399,2022-06-06,Vernon,850,1448.0,6.4,0.4,65.0,4.66,220.0,22.224,292.8,306.6,293.7
400,2022-06-06,Port Hardy,700,2997.0,-6.7,-8.8,85.0,2.82,200.0,42.596000000000004,295.0,303.7,295.5
401,2022-06-06,Port Hardy,850,1446.0,1.6,-0.8,84.0,4.26,175.0,38.892,287.8,300.2,288.6
402,2022-06-07,Quillayute,700,3021.0,-4.7,-10.7,63.0,2.43,260.0,31.484,297.2,304.8,297.7
403,2022-06-07,Quillayute,850,1477.0,1.4,-0.6,87.0,4.33,230.0,22.224,287.6,300.2,288.4
404,2022-06-07,Vernon,700,3017.0,-4.7,-6.9,85.0,3.27,230.0,22.224,297.2,307.3,297.8
405,2022-06-07,Vernon,850,1448.0,6.4,0.4,65.0,4.66,220.0,22.224,292.8,306.6,293.7
406,2022-06-07,Port Hardy,700,2997.0,-6.7,-8.8,85.0,2.82,200.0,42.596000000000004,295.0,303.7,295.5
407,2022-06-07,Port Hardy,850,1446.0,1.6,-0.8,84.0,4.26,175.0,38.892,287.8,300.2,288.6
408,2022-06-08,Quillayute,700,3021.0,-4.7,-10.7,63.0,2.43,260.0,31.484,297.2,304.8,297.7
409,2022-06-08,Quillayute,850,1477.0,1.4,-0.6,87.0,4.33,230.0,22.224,287.6,300.2,288.4
410,2022-06-08,Vernon,700,3017.0,-4.7,-6.9,85.0,3.27,230.0,22.224,297.2,307.3,297.8
411,2022-06-08,Vernon,850,1448.0,6.4,0.4,65.0,4.66,220.0,22.224,292.8,306.6,293.7
412,2022-06-08,Port Hardy,700,2997.0,-6.7,-8.8,85.0,2.82,200.0,42.596000000000004,295.0,303.7,295.5
413,2022-06-08,Port Hardy,850,1446.0,1.6,-0.8,84.0,4.26,175.0,38.892,287.8,300.2,288.6
414,2022-06-09,Quillayute,700,3021.0,-4.7,-10.7,63.0,2.43,260.0,31.484,297.2,304.8,297.7
415,2022-06-09,Quillayute,850,1477.0,1.4,-0.6,87.0,4.33,230.0,22.224,287.6,300.2,288.4
416,2022-06-09,Vernon,700,3017.0,-4.7,-6.9,85.0,3.27,230.0,22.224,297.2,307.3,297.8
417,2022-06-09,Vernon,850,1448.0,6.4,0.4,65.0,4.66,220.0,22.224,292.8,306.6,293.7
418,2022-06-09,Port Hardy,700,2997.0,-6.7,-8.8,85.0,2.82,200.0,42.596000000000004,295.0,303.7,295.5
419,2022-06-09,Port Hardy,850,1446.0,1.6,-0.8,84.0,4.26,175.0,38.892,287.8,300.2,288.6
420,2022-06-10,Quillayute,700,3021.0,-4.7,-10.7,63.0,2.43,260.0,31.484,297.2,304.8,297.7
421,2022-06-10,Quillayute,850,1477.0,1.4,-0.6,87.0,4.33,230.0,22.224,287.6,300.2,288.4
422,2022-06-10,Vernon,700,3017.0,-4.7,-6.9,85.0,3.27,230.0,22.224,297.2,307.3,297.8
423,2022-06-10,Vernon,850,1448.0,6.4,0.4,65.0,4.66,220.0,22.224,292.8,306.6,293.7
424,2022-06-10,Port Hardy,700,2997.0,-6.7,-8.8,85.0,2.82,200.0,42.596000000000004,295.0,303.7,295.5
425,2022-06-10,Port Hardy,850,1446.0,1.6,-0.8,84.0,4.26,175.0,38.892,287.8,300.2,288.6
426,2022-06-11,Quillayute,700,3021.0,-4.7,-10.7,63.0,2.43,260.0,31.484,297.2,304.8,297.7
427,2022-06-11,Quillayute,850,1477.0,1.4,-0.6,87.0,4.33,230.0,22.224,287.6,300.2,288.4
428,2022-06-11,Vernon,700,3017.0,-4.7,-6.9,85.0,3.27,230.0,22.224,297.2,307.3,297.8
429,2022-06-11,Vernon,850,1448.0,6.4,0.4,65.0,4.66,220.0,22.224,292.8,306.6,293.7
430,2022-06-11,Port Hardy,700,2997.0,-6.7,-8.8,85.0,2.82,200.0,42.596000000000004,295.0,303.7,295.5
431,2022-06-11,Port Hardy,850,1446.0,1.6,-0.8,84.0,4.26,175.0,38.892,287.8,300.2,288.6
432,2022-06-12,Quillayute,700,3021.0,-4.7,-10.7,63.0,2.43,260.0,31.484,297.2,304.8,297.7
433,2022-06-12,Quillayute,850,1477.0,1.4,-0.6,87.0,4.33,230.0,22.224,287.6,300.2,288.4
434,2022-06-12,Vernon,700,3017.0,-4.7,-6.9,85.0,3.27,230.0,22.224,297.2,307.3,297.8
435,2022-06-12,Vernon,850,1448.0,6.4,0.4,65.0,4.66,220.0,22.224,292.8,306.6,293.7
436,2022-06-12,Port Hardy,700,2997.0,-6.7,-8.8,85.0,2.82,200.0,42.596000000000004,295.0,303.7,295.5
437,2022-06-12,Port Hardy,850,1446.0,1.6,-0.8,84.0,4.26,175.0,38.892,287.8,300.2,288.6
